case,h_val,P_A,P_B,optim,fitness,CE,NCE,optim_mu_g
base,10,0.4,0,0.58,0.720461538,0.168,0.111538462,1
fast_h,2,0.4,0,0.13,0.604554745,0.348,0.047445255,1
