"case","optim","fitness","CE","NCE"
"NoUse",0,0.5,0.5,0
"AllUse",1,0.143548387096774,0.05,0.806451612903226
"Nonlinear",0.71,0.428183660685715,0.311,0.260816339314285
