"case","optim","fitness","CE","NCE"
"NoUse",0,0.5,0.5,0
"AllUse",1,0.0666666666666667,0,0.933333333333333
"Nonlinear",0.74,0.4504347704,0.26,0.2895652296
